"review_id","date","rating","app_version","title","text","critical_review"
"1726978031",2017-08-13,1,"5.6.0","Nice ripoff for tourists","8h usage thats perfect for tourists to tour monuments is actually a perfect trap to collect usage fees from them.",1
"1730380853",2017-08-16,5,"5.6.0","Works again!","Great UI and full-featured. There was a moment after the beta where it stopped working, but it's all good now. I particularly appreciate the usage stats.",0
"1730395952",2017-08-16,5,"5.6.0","GPS issue resolved","I already had location turned in but had to turn it on specifically for the app. Now it worked!",0
"1735853363",2017-08-20,4,"5.7.0","Excellent app","The unlock bike is the best feature! No more having to carrying my keyfob. I'm sure more features will come such as showing bike lanes but I'd like to see the metro stations as well. And a somewhere to give feedback also. Thanks for a great app",0
"1909231217",2017-11-09,3,"6.5.0","Slow Refresh","The app has gotten really slow when refreshing since the last update. When I open the app it takes a solid 10-15 seconds before it shows the bike stations. It used to be almost instantaneous.",0
"1974721920",2017-12-06,1,"6.6.2","Dock status icon awful","It’s very difficult to tell how full docks are. A user should be able to glance at the screen and get a sense of what areas have full and empty docks. Rather than show that, the icons are 80% filled with a bike symbol. Completely unnecessary. People know they’re using a Bike app! It’s a simple fix.",1
"2391751396",2018-04-06,3,"10.0.1","First Time User","Gave this a shot and noticed a couple things that should be noted for other users. The locations all have kiosks so this app isn’t required. Its nice to find locations, and the active map is nice to find kiosks. I do like the pin drop that tells you if there are plenty of bikes there or not. From the app there is no way to get more than 1 bike. I had to use a different card via kiosk to obtain a different bike. Some of the locations the keypad isn’t working so I tried every bay before I found one that worked. Planning a bike trip could be better and easier to follow on map.",0
"2485228286",2018-04-29,3,"10.2.0","30 min not enough time","We’re in Nova where the bike stations are few and far between. The idea is awesome and we’re psyched to have a dock in our neighborhood, but of our 30 min ride 15 was going out of our way to find a dock to check into. Miami had a 2 hour limit, which was wonderful and left us feeling like we weren’t rushing. Here we wanted to stop along the W&OD, but couldn’t because we needed to get to George Mason ASAP. Forget about going out towards FC. The last dock is at EFC and navigating 15 min out and then having to turn back brings you nowhere. Great in theory for downtown, but not an enjoyable experience outside of town. And honestly, who’s going to be able to commute on a 3 speed on the Custis from EFC into the city in 30 min?",0
"2496766800",2018-05-02,1,"10.2.0","Pricing is deceiving!","They have 3 big pictures stating their pricing. The one we used clearly said $8 per 24 hour period. What they didn’t say was that that 24 hour period only allows you unlimited rides at maximum length of 30 mins each! What they try to do is make it seem as if you get the bike for 24 hours for $8. I got a $50 charge on my card and I was like what in the world?! Then I looked up reviews online of their service and everyone is complaining about the same thing! What a sham! Your max ride time is 30 mins! After that you will be charged fees every 30 mins!",1
"2501555271",2018-05-03,4,"10.2.0","Thanks and question","Could the app give audio directions to the next place on our route? I find I’m having to go back and forth between google maps and bokeshare app to find my way. I’m an Infrequent visitor to dc so need all the help I can get. Also can you do something about all the construction and roadwork detours? 😶I love riding a bike around dc for a rock bottom reasonable price. Thanks so much for making that possible! Susy",0
"2517604043",2018-05-07,5,"10.2.0","Great app!","Great app.",0
"2583322992",2018-05-22,3,"11.0.0","Mostly great!","Works great. Except list of bike a available is not accurate. Otherwise super easy and convenient to use and efficient.",0
"2628299866",2018-06-01,5,"11.1.1","Convenient and good customer service","Capital BikeShare is awesome. My work provides a discounted yearly membership for unlimited rides which definitely makes me use the bikes more than I normally would. The locations are convenient. I can park and lot have to worry about locking my bike or returning to the parked location. I’ve only had one issue when my bike didn’t lock upon return, but the customer service was great and they easily took care of it. High recommend!",0
"2661634970",2018-06-08,5,"11.2.3","Excellent app. Bike sharing easy","Excellent app. Bike sharing easy",0
"2692978458",2018-06-14,5,"11.2.3","Best capital bikeshare app","The best app for the capita bike share. Has the best layout and user interface by far!",0
"2715464950",2018-06-17,5,"11.2.3","Great way to see the city","Such an awesome way to get around the city! Thank you",0
"2798533324",2018-06-29,4,"11.3.0","Fun. App can use some work","Takes getting used to. Should have more tutorial",0
"2838918181",2018-07-04,5,"11.3.0","Love this service!!","D.C. is the perfect place for a bike share system like this. Easy to use and plenty of docking stations. Driving downtown is for suckers..:)",0
"2847088157",2018-07-05,5,"11.4.1","Btmurph124567809","Wonderful",0
"2849593361",2018-07-06,5,"11.4.1","Best way to see the city.","awesome",0
"2865329243",2018-07-08,4,"11.4.1","Great Simple Useful.","I found this app easy to use and extremely useful. Most helpful features for me is locating nearby bikes And the confirmation notification that comes when immediately upon docking the bike I found that most status data on breaks and docs available was accurate however a couple were way off. Another useful feature is the stopwatch starting immediately after the bike is checked out. The most desirable feature that isn’t implemented is being able to locate key dispensers. The online web based map shows that info but the app does not include it at all if you need to find a key dispenser forget about using the app for that.",0
"2880589140",2018-07-10,5,"11.4.1","Washington/ Tennessee","Great app. We had a blast!",0
"2888482799",2018-07-11,5,"11.4.2","Excellent app","Very user friendly and reliable! Maps up to date. What about adding an optional alarm/notification for someone who is looking/waiting for a bike which rings as soon as someone else returned a bike in the area.",0
"2917725250",2018-07-16,5,"11.4.2","Great app","Updates quickly, tracks my rides, and unlocks a bike if I forgot my fob!",0
"2929717791",2018-07-18,5,"11.4.2","Me salvo el viaje!!!","Execelente opción vine de paseo 3 días y solo invertí 16 $ y conocí gran parte de DC",0
"2947375891",2018-07-21,5,"11.5.1","Everything you need","Love the remote unlock!",0
"2961504425",2018-07-24,1,"11.5.1","Hard to navigate & not enough time!","The app needs voice navigation!! It’s extremely hard to ride the bike, hold & look at my phone for directions, & not kill myself or others while navigating a dark city. The 30 minutes docking rule is ridiculous & does not allow enough time to navigate the city in the dark when you have to look at your phone. I spent more time on phone with customer service than riding the bike because docks were always full when my 30 minutes was up. Bump the time to an hour & I might try again. Not worth the hassle.",1
"2993741744",2018-07-30,1,"11.5.1","Beware of the 30 minute rule!","Came to sight see in Washington DC, wanted to rent this bike real fast and get going. Saw that it was 8 dollars for the whole day. Renter it and rode around for 3 hours. After I docked it I then received a charge of $46! I do not know what is the breakdown of the cost. You need to read the fine print and rental agreement thoroughly. You can only ride these things for 30 minutes at a time...",1
"3003594758",2018-08-01,5,"11.6.0","Great bike-share model program!","Capital Bikeshare is a wonderful program accompanied by a highly accessible app. I wish more cities were as bikeable as DC to see more programs like this. The only complaint i have for the app is that it doesn’t let you track your ride history better within the app (just to see how many calories are burned in a day of riding for example). Great work overall!",0
"3016777768",2018-08-04,5,"11.6.0","Get me where I wanna","Easy.",0
"3022618311",2018-08-05,5,"11.6.0","Great app! Make sure to have phone charged","This app made buying the bikes and checking them in/out very simple. The only negative aspect is it drains your phone battery, so make sure your phone is fully charged or bring a charger. Overall, great app and bike rental! Highly recommend touring Washington DC with these bikes.",0
"3049873323",2018-08-11,1,"11.6.0","Stations malfunctioning","Nobody able to get a bike. Other than that, it’s a dream. I paid for a 24 hour pass but was only able to check out a bike once. The other times the system was down.",1
"3055071206",2018-08-12,1,"11.6.0","Be aware of overcharging","App is alright but biggest flaw is that there are no warnings when your share expires and charging of extra fees starts. Don’t use for longer rides!",1
"3072638911",2018-08-16,5,"12.0.2","Love love love!","This ap has made bike share even better!",0
"3107826066",2018-08-24,5,"12.0.2","This app is very good","Every problem posed by the Capital Bikeshare mobile website were fixed for this app, and then some. The bike-to-dock ratios are being updated constantly and the trip planner serves a great purpose. Highly recommend.",0
"3118275227",2018-08-26,4,"12.1.1","sdb1963","Let us keep bikes for 60 minutes and I will add star",0
"3125603314",2018-08-28,1,"12.1.1","Rip off","By far the biggest rip off there is. Rented 4 bikes for my family on the 24 hour rental. Not realizing on the small print. You have to bring the bikes back ever 30 minutes or you get charged extra. This should be spelled out in the beginning of the app not the small print. Over $50 for a little over an hours trip. Total rip off!!!!",1
"3130952719",2018-08-29,5,"12.1.1","Great for college students to gt around DC","I love it",0
"3174889145",2018-09-10,5,"12.1.1","Cheaper and better than dockless","This system works remarkably well, and is remarkably affordable. The new electric assist bikes are icing on the cake. Hope there will be more soon.",0
"3174924752",2018-09-10,5,"12.1.1","Very convenient","It’s good and intuitive",0
"3182096716",2018-09-12,5,"12.1.1","Excelente","The best opción @ Washington DC",0
"3186102545",2018-09-13,5,"12.2.0","LOVE the pedal assist","Would love it more if there were more plus bikes around!",0
"3215796450",2018-09-21,5,"12.2.1","Very nice","New to DC, great for my commute and awesome coverage across the city for everything else",0
"3246518213",2018-09-29,5,"12.3.0","Easy and Convenient","first time visiting DC and it was all made fun by using this app. Although the stations near tourist areas are hit or miss with finding bikes or spots to park the bike, there’s usually never any problems!",0
"3272034794",2018-10-06,5,"12.3.0","Awesome!!!","Brilliant and very useful",0
"3272268383",2018-10-06,5,"12.3.0","Fantastic Service","Made my trip in DC an awesome stay",0
"3302841064",2018-10-14,5,"12.4.0","Useful!","Accurate reading on how many bikes/slots are available and good layout of where the bike paths in DC are",0
"3307077795",2018-10-15,5,"12.4.0","So easy","I can go places so easily now I’ve found I’m actually more active.",0
"3384380295",2018-11-05,5,"12.5.2","Great experience, easy to use.","Great! Fun!",0
"3389160365",2018-11-06,1,"12.5.2","Do Not Use. Use any other bike share company","I bought a “day pass” but apparently that’s only good for trips 30 mins or less. They ultimately charged me and extra $45 for a 2 hour bike ride to go along with the charge for the day pass",1
"3460664740",2018-11-25,5,"12.7.1","Capital bike share","What a great way to get around the city. Bikes were great. Maintained well. App worked perfectly to let us know how many were at each station.",0
"3628083077",2019-01-08,5,"12.9.2","Best bike share app and team ever!","Very responsive team who takes care of your concerns ASAP. I’m a regular biker (not cyclist, I wear my heels when biking) and this has been the best bike share experience so far!",0
"3642658486",2019-01-12,5,"12.9.2","Real nice","No problems except when there are no bikes- app works great.",0
"3755942776",2019-02-10,5,"12.11.0","Love it","Super easy to use!",0
"3898129789",2019-03-18,5,"12.13.0","Great bikes","Great bikes and easy to find, affordable prices and membership",0
"3918247261",2019-03-23,1,"12.13.0","BS","Fees out of nowhere",1
"3942750332",2019-03-29,1,"12.13.0","Docks don’t work or are full","My girlfriend and I were charged an extra $2 three times for being 1 or 2 minutes over the 30 min mark. The reason we were late was because the bike docks don’t work and won’t recognize the bike, requiring multiple attempts and about 5 mins each time just to get the things situated and to stop the timer.",1
"3983391406",2019-04-07,5,"12.13.0","Dc on $8 a day!","Ubiquitous bikes and stations and when my wife had an issue got a nice cust serv person to fix it. But finding the number is hard- suggest you have it on u just in case. Got to see cherry blossoms on the power of our own 2 legs!!",0
"4000541321",2019-04-11,5,"12.13.0","Work Health","Best way to live healthy! Use a bike work!!!",0
"4115887347",2019-05-07,3,"12.14.0","Good luck. 2 scenarios...","Because they so poorly balance the bikes you usually have two options, no bikes or when you’re lucky enough to find one, then there are no docks. They have so Much data and just don’t use it to balance their inventory. But for like $75 a year it’s hard to complain.",0
"4118608747",2019-05-08,5,"12.14.0","Great and efficient app.","The app allows you to rent a bike in less than 15 seconds. Use it for my everyday commute to work. Wished there were more electric bikes available though!",0
"4128217175",2019-05-10,5,"12.14.0","JPWIV","App is super convenient, easy to use and helps you find empty or loaded docks. Also great for navigating trips, I definitely recommend capital bike share!",0
"4133280373",2019-05-11,1,"12.14.0","Keeps crashing!","Good tool to tour the city but stupid app keeps crashing on me....",1
"4153971747",2019-05-15,5,"12.14.0","Awesome App!","Love it",0
"4170683516",2019-05-18,5,"12.14.0","Great for traveling throughout DC!","I love Capital BikeShare for traveling throughout the area, part of my goal use a car as little as possible. I highly recommend this convenient and easy to use way to navigate the District.",0
"4172441867",2019-05-18,5,"12.14.0","Super likes","I am riding it or you can say enjoying it!!!",0
"4177285637",2019-05-19,5,"12.14.0","Great value amazing service","If you live n the city the s a must have service!",0
"4183593297",2019-05-20,5,"12.14.0","Love this app!","Great rental price ($85 for a year!), convenient, solid bikes, good way to explore, great way to get exercise. I especially love the bike angel section. Just completed my 50th ride in a month. Subscribe, download, use it, love it!",0
"4186979511",2019-05-21,4,"12.14.0","Good App","to make it more convenient, It would be great if the have it on Apple Watch too.",0
"4237865154",2019-05-30,5,"12.14.0","Smooth operation","Pretty seamless for a tourist to be up and riding in 5 minutes.",0
"4242611849",2019-05-31,5,"12.14.0","A Bad Start With A Happy Ending","Had a HORRIBLE experience with renting my bike and ending the trip docking it. Was a little disappointed with how difficult it was for a newcomer to try to rent a bike for only half an hour, but this entire experience was negated by one of the most superior customer service experiences I’ve ever had. Marie (I definitely want to give her a shoutout!) spoke with me on the phone and was not only patient, but went above and beyond what I expected customer service would be for a $2 bike ride around DC. I had an issue docking my bike, and she was able to talk to upper management (without me even having to ask) and calm my fears as a first time user of the service. Now that I’m aware of how the system works, I would definitely recommend renting a bike through this company in the city (especially if you want to put in the exercise and save money over Uber, scooters, and other ride share/renting services).",0
"4275941254",2019-06-06,4,"12.15.0","DC","Occasionally my nearby stations are offline. Otherwise, I love it.",0
"4284958283",2019-06-08,5,"12.15.0","Best bike sharing app I've used so far","First ride free. Apple pay compatible. Works flawlessly. Automatically starts a stopwatch when you undock the bike. Sends you a notification when you lock it back - and even notifies you if you locked it wrong.",0
"4316143912",2019-06-14,5,"12.15.0","The App Works Well...","...but many CaBi bikes and docking stations could use repair or improvement. Also, bicycling is great through the core parts of DC but once you try to go too far afield (like to Children’s Hospital) the DC road conditions can turn poor quickly and make it feel imprudent for cycling.",0
"4319418720",2019-06-15,5,"12.15.0","Great App","Very convenient and useful.",0
"4335155395",2019-06-18,5,"12.15.0","Amazeballs","I love the app and the service. I use it daily to get short distances around the city and enjoy the spring weather. I love the option to unlock a bike from my phone, the status info of available bikes and docks at each station, and the ability to plan a trip. Only thing I ask is that this service gets extended to the surrounding DMV (NoVA and PG County MD) areas so O can bike home.",0
"4338658225",2019-06-19,3,"12.15.0","Good luck if you’re under 5’ 4”","I am 5’3 and could barely reach the pedals with the seat on the lowest setting, to the point that I could not use the bike. Sure, 5’3” is on the shorter side, but I know dozens of girls in the 5’2”-3” range. Beyond that, I struggled getting the bike to release from the dock, as well as docking it when I was finished. Really like the idea of this so wish it was more suitable to people my height and docking was more efficient.",0
"4383323018",2019-06-28,5,"12.15.0","So glad you came to Falls Church!","So awesome to ride a little right after a long day sitting at the office!",0
"4398655106",2019-07-01,5,"12.15.0","Perfect way to see The Capitol","My 12 year old and I were easily able to pick up bikes outside our Airbnb and had no problem finding places all around the city to dock them. The in-app navigation map was great. Made our visit to D.C. car free and so fun. On another note we found D.C. drivers very respectful of us on our bikes. After riding on the streets of Los Angeles this was such a nice surprise!",0
"4406774663",2019-07-03,5,"12.15.0","Intuitive app and great way to see the sights","Easily the best way to get around and see the monuments for the best price. We did eight dollars for unlimited 30 minute rides per day. I wish it were closer to 45 or an hour. That would give you a much more time to see the sides without having to interrupt your sight seeing pattern, but I am sure there is a rhyme to their reason.",0
"4415718981",2019-07-05,5,"12.15.0","Awesome transportation!","Easy to use and FUN!!",0
"4467168806",2019-07-15,1,"12.15.0","Crappy App","I uninstalled this app and today it showed that it needed an update! You only rent one bike per app and it’s a complicated application",1
"4507880547",2019-07-23,5,"12.15.0","App works great","Visiting DC for five days - the app works great and is extremely helpful and accurate.",0
"4517308425",2019-07-25,5,"12.15.0","Looking on the bright side...","Just got my 50th ride on Capital Bikeshare and couldn’t be more grateful. I’ve explored my hometown in new ways and had fun doing it! I love the app...I can plan my route and determine whether there is an available dock in advance - I can also help them move bikes if it fits my schedule too. Bonus rides await because my bike was just stolen, so I’m super grateful for my CaBi membership and awesome app.",0
"4519924993",2019-07-26,5,"12.15.0","Bikes everywhere","Easy 3 speeds with adjustable seats and a basket having an elastic tie down strap - perfect! - and a bell",0
"4528080942",2019-07-27,5,"12.15.0","Superb D.C!","So simple. Best, cheapest way to get around town!",0
"4597303791",2019-08-10,5,"12.15.0","Best and cheapest way to see DC!","For $8 you can see all of DC!",0
"4598565360",2019-08-10,5,"12.15.0","Enjoyed the ride!","Visiting from California. Great way to see the city. Saw everything! Had a great time. My daughter loved it! Thank you so much!",0
"4603210714",2019-08-11,5,"12.15.0","Game changer!","My car doesn’t move from my spot because of Capital Bike Share. The app makes is easy to plan rides and check out bikes. A total game changer!",0
"4616474282",2019-08-14,5,"12.15.0","Easy to use!","Super easy to grab a bike and get around the city.",0
"4660103495",2019-08-23,5,"12.15.0","Support public transport! An even faster way to get around than the metro","Well designed UI, simple docking/undocking, saves your preferences. App works perfectly, improvements can be made at an infrastructural level however.",0
"4662442223",2019-08-23,5,"12.15.0","10th Ride completed","This has been my 10th completed ride and I am impressed with the access and quality of the bikes. In those situations where I had an issue the customer service was quick, friendly and most importantly resolved my issue. On towards my 100th ride.",0
"4746051529",2019-09-07,5,"12.15.0","Great app and service","The app worked flawlessly and made our trip to DC much more enjoyable. The app made finding stations and unlocking a bike a snap. Even when I got ahold of a bike that needed some work reporting it was easy. Will definitely use the next time I’m in D.C.",0
"4777514403",2019-09-14,1,"12.15.0","SCAM! I would give zero stars if possible","This service is a complete scam! My husband and I purchased two 24-pass for $14 and used the bike for a total of 4hrs, which resulted in additional charge of the $63 dollars!!! There is absolutely no way anyone can figure out the fee system and beware of going over 30 minutes even with a “24-hr Pass”. This essentially means you are required to watch the clock while trying to relax outside, checking your email for time warnings/threats of extra fees and biking only between bike docks instead of on the many beautiful bike paths. Also FYI this is a service owned by Lyft and not by the city government as originally stated on the app site when I downloaded the app. DO NOT USE!!!",1
"4779332647",2019-09-14,4,"12.15.0","Map precision","The map sometimes loss the location.",0
"4812829625",2019-09-20,5,"12.15.0","Helpful with dock/bike updates","Great to have live updates on how many docks and bikes are available and planning a trip is easy enough.",0
"4828076586",2019-09-23,5,"12.15.0","Great app and service for DMV locals!","I just joined Capital Bikeshare in September 2019 despite living in the area for the past 5 years, and the only thing I regret is not doing it sooner. The map interface is really intuitive and unlocking/locking a bike is really easy after getting it the first time.",0
"4859678729",2019-09-29,5,"12.15.0","See three times as much of DC","Great way to move around. Convenient locations except not one at Arlington.",0
"4971743673",2019-10-18,4,"12.15.0","They try - to a certain extent!","I was very pleased with how the app worked. Just a few simple essential functions but they worked well. The live map was accurate and the trip mapping function worked well. Yes, not all of the bikes are perfect (fix those loose headsets!), and the docks don’t always work (which can be discouraging when you finally reach your destination and hope to ditch the bike like a hot potato and you find the only empty docks are not working), but most everything worked well enough, enough of the time for this user who was there for a few days as a tourist. And customer service was right there to take any phone calls with questions. Unless you want to try the scooters, which look like an easier and more fun way to get around, the whole BikeShare system is pretty awesome. A great alternative to taking the Metro or using a car. The 30 minute time limit is sufficient to get from one place to another if you are a tourist exploring different parts of the city.",0
"4994369410",2019-10-21,4,"12.15.0","Great for an affordable way to get around DC!","The bike share is a great affordable option for getting around DC. Rainy days can hinder your 3-day pass options, so check the weather before you buy. Lots of bike locations and plenty of options to choose from.",0
"5124413654",2019-11-11,5,"12.15.0","The best way to get around DC","Absolutely the easiest and most enjoyable way to get around DC and get a workout",0
"5253821739",2019-12-09,4,"12.15.0","Great app, but numbers aren't always up to date","Easy to use, fast app. Gets you on a bike in no time! Taking off a star because the main benefit of the app (versus using the key) is to see the # of available bikes and docking stations. Unfortunately the app's numbers are usually inaccurate (sometimes wildly so!) which makes it very difficult to plan where to end a stop. Also, sometimes there is an available bike but the app says there is none, so you can only unlock it with a key. I will likely stick to using the key and my eyeballs but it's good to have a backup.",0
"5348197728",2020-01-01,5,"12.20.0","Amazing Service!","Great bikes, well tuned, fun to ride, easy to dock and undock. Service is less than a hundred a year for unlimited rides.",0
"5552507846",2020-02-19,5,"12.20.0","Great once you get the hang of it","Having previously only used dockless share bikes in Beijing, the CaBi bikes are so nice! The app is straightforward and the route planning function is great. My criticisms aren’t with the app though: The way you choose a subscription level is unnecessarily complicated and the keypads on some of the docks are consistently broken, making it hard to retrieve a bike sometimes. Otherwise, great experience.",0
"5575150285",2020-02-24,1,"13.14.0","App is way less useful","Thanks for making the app way less useful to your annual members. It’s a pain in the butt now to quickly check your frequently used stations for open bikes/docks.",1
"5579916616",2020-02-25,1,"13.14.0","No more Bike Angels","The latest version of this app, in addition to removing your favorite stations, also disables the Bike Angels program, which is incredibly frustrating. This was done with no notice to members of the program. It also is not as user friendly.",1
"5589225814",2020-02-27,1,"13.14.0","Add back favorite docks","I guess it's officially a Lyft platform now, at least it certainly looks like it. So now instead of having bikeshare specific features like favorite docks, I get this interface which is worse. Big company takes over things get worse. What else is new?",1
"5589536281",2020-02-27,1,"13.14.0","2/27 update is terrible","The new update to the app as of 2/27 is a terrible downgrade for a number of reasons. 1. The app inexplicably lost its navigation function. I liked to use CaBi’s navigation function because it recommended safer routes for bikers than google maps. It was also helpful to figure out which stations to use. 2. The app makes you go through a Lyft-style review process every single time you ride a bike. This is extremely obnoxious and unnecessary. 3. The icons that indicate each station and how full or empty they are is difficult to read at a glance. 4. The app did not correctly load my total number of rides. For an upgrade that was announced with this much fanfare, I’m seriously disappointed and worried about the direction the entire program is heading.",1
"5593823483",2020-02-28,2,"13.14.0","New app lost functionality","The new version doesn’t allow you to star/flag certain docking locations to quickly see if there are still spots/bikes at your most-frequented spots! Please bring that back!!!",1
"5610477908",2020-03-03,1,"13.15.0","New App Not Linked to Actual CaBi Account","Whatever genius created the new app didn’t actually link your CaBi account to the app so it says I don’t have an account. What a joke this is since Lyft took it over",1
"5621397089",2020-03-05,1,"13.15.0","New Version is Horrible","The old version was much better. The UI was better and it was much easier to see levels of bikes/docks. And no more bike angels? Whoever designed this should be fired.",1
"5622136874",2020-03-05,1,"13.15.0","February 2020 Update","This update made the app worse, unfortunately. The update removed helpful features like address search and route-mapping. There’s now no way to figure out how to get to a specific location without switching to another app. The update also removed the toggle between available docks and bikes, so now the only way to see if there are open docks is to click on each station. Please bring back these old features!",1
"5623522386",2020-03-06,4,"13.15.0","Search bar needed!!","Hello! I really like the new app but I do miss the search bar. Whenever I am planning my trips it’s helpful to know if my destination has a dock nearby and whether it has any room.",0
"5626246206",2020-03-06,1,"13.15.0","New update","This new update is terrible. It makes it harder to search for bike docks. Bring back the favorite station and search/trip planing option.",1
"5640830724",2020-03-10,1,"13.16.0","The old version was far better","I liked the old version so much better than this new one. The new one takes longer to show stations on the map, longer to show bikes available on the map, doesn’t say when it last refreshed bike availability at each station, uses station icons that no longer show full vs empty ratios, no longer allows you to find directions and which stations would be closest to your origin and destination, no longer shows any points details in your account or on each station, and many other things that make it worse. Please bring back the old app - it had been refined to perfection.",1
"5645950473",2020-03-11,3,"13.16.0","What happened to the trip details?","I like the ease of the new scan feature, for those of us with annual memberships and no bike key (signed up through the old app). However, I miss the detailed trip reports in the old app. Being able to see the route you took as well as the accurate number of miles you rode on each trip made the app more interesting and engaging. New app is easier to use but boring as hell!",0
"5688890447",2020-03-20,1,"13.17.0","Don’t update","Updated and all angel points disappeared. Don’t updated yet. Customer service is horrible to deal with and still hasn’t remedied.",1
"5797944552",2020-04-11,2,"13.20.3","Enjoyed the old app","Stuck with the old app for as long as possible but it seems they’ve disabled many features that were sticking around - can no longer check ride history, can’t see current trip time, can’t check available docks mid-trip, etc.",1
"6030012636",2020-06-03,1,"13.28.3","For the love of god,","why can’t you rotate the map?",1
"6049250650",2020-06-07,3,"13.28.3","Service is Fantastic. App is Not","I give CaBi as a service 5 stars. No question. The recent app updates however are subpar. The map used to be easier to read at a glance to know if a dock had bikes. Now the color indicators are ittybitty dots and the number of bikes is also pretty small. The login screens and UI are clunky, often asking me to input the same information two or three times on different pages. You could also use the map without logging in before, not sure why they took that away.",0
"6162042834",2020-07-05,1,"13.32.3","Scam!!! Stay away!","I was a member from about two years, but when I was planning to cancel the membership they literally said we don’t have an option of canceling at the moment and kept charging me 8$ monthly. I forgot about it but the deduction kept going for over than a year! Isn’t that theft?? There is no way on earth you can reach them for cancelation and their excuse os oh we are still building a system since we’ve been owned by Lyft!",1
"6182335936",2020-07-10,2,"13.32.3","Impossible to get directions from station to station","It should not be so difficult to get directions via bikeshare. BlueBikes, which is also operated by Motivate, offers “Plan a Ride”, which is exactly what I am looking for.",1
"6241617498",2020-07-25,1,"13.35.3","I just want to ride a bike","Tried to download and it asks for my drivers license number before I can do anything. Can’t look at the bike share locations or literally see anything until I provide my personal information. Umm...nope. Not doing that.",1
"6298917098",2020-08-09,1,"13.37.3","Docking Station","I parked the city bike at 4th and Rhode Island docking station to swap for another bike that I wanted. Unfortunately, the counter kept counting saying I had the bike out. So tried pulling the bike back out but it was locked in. So now I don’t either bikes because the system doesn’t show I docked. The counter is going on 24 hours that I have the bike. I sent several pics to show the address and the bike where it’s locked. I sent emails, submitted in the system my problem and have not gotten a proper response to stop the counter so I may get another bike. I’ve never had a major issue like this since I started using city bike a few months back. It’s an extreme inconvenience when you can’t reach anyone to fix the issue. As of right now the follow day. The counter is going on 24 hours that I have the bike. Sad!",1
"6453963456",2020-09-21,1,"13.44.3","Trash","Its garabge and keeps trying to tell me my dln is wrong when im looking right at it",1
"6483166038",2020-09-29,1,"13.45.3","Expensive and complicated","This is a really sadly run system. The cost of this trip for 2 was that of a limo. 17 + dollars for 4.5 miles. Go PUBLIC system that encourages folks to ride. Postscript: the locking mechanism didn’t work. So under a threat of paying 1200 dollars, I had to pay Lyft 40 dollars to take me go lock the bike. Only to find out that the locking mechanism was not working. No word on refunding the $40. But that you knew. They were ‘kind enough’ not to charge me for the remainder of their errors. Thank you Lyft, I mean CaBi.",1
"6498332436",2020-10-03,3,"13.45.3","Misinformation re: available bikes","Consistently, the app tells you bikes are available when they are not. Beyond being annoying and frustrating, this is da vero is considering women oftentimes walk a certain distance, assuming a bike will be available when it in fact is not & will not unlock. I called customer service & they said that the bikes werent unlocking because someone who rode it previously must have reported an issue. Ok...so then why doesn’t the app reflect this? It should show ONLY bikes that are able to be unlocked, not those waiting for maintenance.",0
"6501154033",2020-10-04,2,"13.45.3","Try Harder.","There is nothing more frustrating than a transportation system that does not a good infrastructure in place when you have an emergency while using their product. First, There is no direct contact option through either the CaBi app or the Lyft app (owner). If you need to call them in a pinch you’ll have to Google their phone number and look through a few different pages before you find the correct one. This does not guarantee you will speak to a person. The reporting options within the app are insufficient. If your bike goes missing (gets stolen) you cannot select this as an option. If you had to ditch the bike because the tire blew out in the middle of a ride on the way to your job - there is no option for this either. I put Try Harder because you can build a more functional app that allows the end user to be self-sufficient or create a robust customer service infrastructure to help the end user navigate problems using your service. Pretty much anytime you experience an issue after you check out the bike you have to speak to a human and whether you’re on your way somewhere or not you are responsible for the bike. So, your only option is to wait around until someone picks up the phone.",1
"6571277623",2020-10-24,2,"13.48.3","Requires location permission for no reason","You need to enable location permission in order to unlock a bike. Even if you’ve found the bike on your own. The only explanation that the app gives is that this “improves your experience”. Just one more contribution to constant surveillance.",1
"6804366563",2020-12-28,1,"13.56.3","Why is this app 250MB?","It’s bigger than Facebook. Here I am sitting waiting for a 250MB app to download so I can unlock a bike. Ridiculous.",1
"6878194116",2021-01-16,1,"13.60.3","Be warned. Not reliable AT ALL","These bikes will refuse to unlock all the time. The DC city government needs to find a new vendor.",1
"7151335585",2021-03-27,1,"13.70.3","Filled with hidden fees, awful experience","Unexpected charges everywhere ($8 promised all day pass will include extra charges for any ride over thirty minutes for example) Expect fees to go up even more if every bike rack around you is full and you can't return your own bike app is also slow and has poor map feature",1
"7187525814",2021-04-05,1,"13.72.3","Horrible","Usually I don’t write a review for everything! But today I have to do that! This is a part of Lyft community! Unreasonable changes based on my account for Only use the bike 23mins! The customer service number is hard to find! My suggestion is only use in downtown area! Not a reliable source for visitors if u stay in Arlington area for ur DC trip!",1
"7207757170",2021-04-10,1,"13.72.3","Incredibly bad experience","App doesn’t work at all and membership experience feels like a half-built on-ramp. I spent an hour trying to rent a bike, was billed three times and never got access to the bike, which was in front of me, available and seemed fine. No connection between app and kiosk experience. Literally, an embarrassment to DC",1
"7236585319",2021-04-18,2,"13.73.3","Mandatory, horrible to use","You almost have to use this app to use the bike share system but it gets more difficult to use with every update. Lyft hijacked the app and now tries to steer you to all sorts of bikes which clutters the map. An annoying pop up reminds you to park at a station with every click even as most of the bikes it shows are NOT in the station system. When you’re running out of time on your 30 minute ride and desperate to find a docking site you have to click thru the pop up and pick through a multitude of too-similar icons and then figure out how to orient the map.",1
"7259185836",2021-04-24,1,"13.74.3","Borderline Scam to Trick Tourist","The $8 all-day pass is not really a pass to ride all day for only $8. You get charged extra after riding for just 30 minutes. We rode for about 3.5 hours and were charged $30 on top of the $8 “all-day pass”. Good marketing to swindle tourist that are in a hurry and not looking to read the fine print.",1
"7274164749",2021-04-28,1,"13.75.3","Can’t Use on iPhone 12","I have been a long time user of CaBi and had no issues with the app.... until I moved to an iPhone 12. The main problem is that the app design is such that you cannot use the drop down menu in the upper right corner because it is behind the iPhone clock. And the options at the bottom of the page do not offer any options for using the app. So... I had to delete.... and now can’t use it with my account to search for bikes or check anything.",1
"7321322043",2021-05-10,1,"13.76.3","Horrible Experience","Less than 25% of the electric bikes work or will not release from the dock even when the app shows them as available at the docking station. The bikes do not always dock back at the station causing you to pay an additional fee. Almost every single one of the red manual bikes is broken in some capacity making them difficult and miserable to ride unless you are going downhill.",1
"7392782352",2021-05-26,2,"13.79.3","If I wanted politics, I’d open Politico","Why did this app just ask me for my pronouns??? Also, the maps are far too cluttered with random Lyft crap and the app is a bit bloated. Not sure why we need 250mb of code to pull bike locations from some database.",1
"7410280266",2021-05-31,1,"13.79.3","Oops! Something went wrong....","I think it's fair to say this app is a complete failure if you can't even scan in a single bike to unlock.",1
"7429994333",2021-06-05,1,"13.80.3","Didn’t work","Said it was unable to scan the bike (literally its one job)",1
"7450287489",2021-06-10,2,"13.81.3","Decent but horrible customer support","Things are fine unless you need to actually get in contact with someone. Have had several seemingly easy to fix issues and it’s nearly impossible to get responses. Just a warning that Bike Angel points occasionally won’t be applied to rides and CaBi will refuse to add them. E-Bikes’ pedal assist won’t work and they’ll refuse to refund the surcharge. You’re really on your own with this service.",1
"7483771012",2021-06-19,1,"13.82.3","Very frustrating and disappointing customer service","The customer services have significantly degraded since Lyft bought the company. Be careful - they may charge you a lot more than the price you see in the app and refuse to refund you. No person to speak with directly or help to escalate a case. Extremely frustrating and disappointing.",1
"7696132042",2021-08-15,1,"13.90.3","None of the Bikes work","I’m currently on bike #18. Not a SINGLE ONE has unlocked yet. I scan it and then it says “Unable to unlock bike, try a different one.” Or “bike unavailable.” This is either a technical problem with the app thinking all bikes are inoperable, or they do a terrible job maintaining their fleet.",1
"7810742351",2021-09-15,1,"13.95.3","internal service error","If you used an old iPhone, such as 8, I may not able to login in",1
"7822961267",2021-09-19,1,"13.95.3","It’s a S C A M","They will overcharge you and claim you did not dock the bike correctly. I got overcharged 188.00. I’ve did some research and many other people have the same problem.",1
"7851380159",2021-09-27,1,"13.96.3","Ride didn’t end correctly","This was my second time using this service. I mainly go for a 10 min ride down the street and back. When I returned the bike and the station showed it’s locked I left. The App didn’t send any notifications if it was completed ongoing. So I figured it’s done. Then I received a text message from Lyft telling that the ride still going on and I’m being charged!!!!! There was no place to follow this up. Ride wasn’t listed in my App. I reported the issue. Now, a day after, in charred $102 for a $2 ride!!!!!! This is ridiculous .",1
"7870400101",2021-10-02,5,"13.97.3","Great app","Easy to use app, especially if you have a yearly membership. I love that I can on demand see where bikes and docks are available, and ebikes that might not be at the stations.",0
"7922262032",2021-10-16,1,"13.99.3","Doesn’t work","Tried to rent a bike. Scanned the QR code like it told me. Then, it got stuck on an endless loading screen circa 2008 Mac computer. Tried to rent using kiosk, and it didn’t accept my credit card. Best to buy your own bike.",1
"7925007706",2021-10-17,2,"13.99.3","Meh","The bikes are ok, the stalls are full to the brim so you cant even lock up the bikes. Also the kiosks to take the bikes out of are warn out so you cant even check out half of the bikes in a stall.",1
"7943251266",2021-10-22,5,"14.0.3","The Best","This was the easiest way to get around, you can get anywhere. Cheep and great bikes.",0
"7979344327",2021-11-01,2,"14.2.3","Capacity issues that have only gotten worse","If you’re considering getting a Capital Bikeshare membership at the moment, please keep in mind that there are some stations that are NEVER stocked with normal bikes. I live in the Adams Morgan area, I got the subscription because I have 3 stations within a 5 min walk, and they are regularly completely out of working bikes. I have also run into a situation (going to Georgetown during the day) where all of the stations are FULL within a mile radius, and I have to park way out of my way to get where I’m going. It makes me feel like I can’t rely on the bikeshare at all. When they’re available, I appreciate the convenience of Capital bikeshare, but you all need to increase capacity (or figure out how to cycle bikes in and out of their stations better). Otherwise I’ll probably cancel and use my own bike.",1
"8271269739",2022-01-22,1,"14.13.3","Useless","While you’re using the app, it tells you that you can’t use the app unless you download the app… while you’re literally in the downloaded app…. Like a continuous loop. A useless waste.",1
"8358930980",2022-02-15,3,"14.17.3","The logo is sus","The app works as expected but I had to explain what it was multiple times because people thought it was something to do with male reproductive parts",0
"8488051785",2022-03-23,1,"14.22.3","Can’t even create an account","Doesn’t let me get past account because it says my number is being used by someone else",1
"8495687312",2022-03-25,4,"14.22.3","Great service, butt…","Love the service and how easy it was to sign up for. Its a super cheap option to get around town with. Used the bikes in DC. they made my bottom incredibly sore. Wish the seats were more comfortable",0
"8559847941",2022-04-12,5,"14.25.3","Loved my time with CaBi!","Great bike share experience. I think CaBi does a good job of working to address the complex needs of the DMV area super well. Would recommend to anyone who likes a good bike ride but can’t commit to a bike.",0
"8681072332",2022-05-17,1,"14.30.3","Why Can’t This City Run a Proper Bikeshare?","There are never any ebikes, and in the rare instance when you find one at a docking station, they’re broken and out of service. Today seemed like a lucky day—FOUR ebikes instead of the usual zero. All four were broken and out of service. One was still listed on the app, for some reason, despite being out of service. Probably just to get your hopes up for nothing, which is what Capital Bike Share does best! What is the point of a bikeshare system with no working ebikes? You can’t even claim that you’re limited by the number of docking slots available, because ebikes don’t need to be returned to a docking station! They can be locked anywhere. And yet working ebikes are nowhere to be found.",1
"8691836244",2022-05-20,1,"14.30.3","Unreliable app","I used the app for the first time today. I thought I needed to dock the bike every 45 minutes so as not to incur additional charges on the day pass. I was able to unlock a bike the first and second time. However, the app stopped working. Each time I scanned the barcode on a bike, it would indicate it was unlocking but after about a minute I got a message that the bike was either waiting for repair or was unavailable and to scan another bike. After trying all 5 bikes at one docking station, I walked to another station about 10 minutes away and tried all 14 bikes. Each time a message came up that the bike was unavailable. I was stuck without a bike to ride the 8 miles home.",1
"8726753070",2022-05-31,1,"14.31.3","What the heck","This is my first time using this service and atp I don’t ever want to use Lyft again. First time renting a bike goes smooth. Rent it at 6 give it back at 11 at union station. Bike does not dock when I try to put it back. Immediately try to tell the app but of course not working. Almost miss my train messing with the app. I contact customer service and they tell me since the see it’s my first time using they will cancel the ride and waive the extra mileage fees. Nope bold face lie. My app proceeded to charge me .15 a mi to go from union station to Rockville and from Rockville to Baltimore and from Baltimore to Sparrows point…. The next day. I was charged for 24 hours on a bike I rode for 6. I am beyond livid because why does it take 3 separate interactions for absolutely nothing to get done. Delete my account.",1
"8796309629",2022-06-21,1,"14.34.3","Scam","The app works fine, but the organization steels your money… any time you park the bike it costs 25 dollars. If you buy the day pass it doesn’t work after your first trip. I took a less than two mile ride and it cost me almost $100!!! Very unhappy right now.",1
"8833368984",2022-07-02,2,"14.36.3","Before you ride","Obviously these bikes need maintenance occasionally and will not be in perfect condition. But after riding 5 miles to work and not finding an available dock I got charged $25. I ride a bike daily so now I will just buy my own bike to avoid this problem and stop using the bike share. I also found this style bike is not for me as they don’t have a straight truss bar from seat to handle bar. But it gets the job done.",1
"8846602572",2022-07-06,5,"14.37.3","We need more bike shares","Especially in our city bike shares is way convenient in Washington DC mid city and upper plateau areas. There ought to be more than one corporate bike share with docks and corral locking because it’s economical and essential.",0
"8853926398",2022-07-08,1,"14.37.3","Good idea, poor customer experience.","The locking station was broken. I had to call get it fixed i only rode for 30 minutes qnd got charged for 50. Good idea, poor customer experience.",1
"8986409072",2022-08-16,1,"14.43.3","A pain to use","App is buggy, bikes are hard to unlock, uninstalling the app",1
"9007258973",2022-08-22,2,"14.44.3","Occasionally buggy and lack of clear info","The app looks reasonably slick but if you’re a new user it can be daunting if it’s your first time. In my case, a bike was rented but it wasn’t shown in the app when you approaching a 45 minute time limit while on a day pass and you’ll start to accrue extra charges. Info isn’t clear in the app. App does a good job with map info showing you wracks and bikes available. System itself is wonky. As said before, dearth of new user help info. Racks can be troublesome. Some bikes may not be available. Oddly enough can’t use Lyft car request while having a bike out.",1
"9052111883",2022-09-04,1,"14.45.3","Wouldn’t ever work!","I downloaded this app a few years ago and it worked great. I was in the DC area again and made sure my payment method was updated and everything was set. But every single time I tried to rent a bike it would tell me, “You cannot take a ride at this time.” Extremely frustrating to search for and walk to the bike stations only to not have it work.",1
"9153663772",2022-10-05,5,"14.50.3","Really love this service","I have had a Bikeshare subscription annually for a few years now. For me it’s an incredibly good investment for getting around in downtown DC and Alexandria. I like the fact that you can rate the rides and leave comments on the bikes. although I have run into a few skanky bikes over the years, they continue to improve, coming out with better models. And now they have the E bikes which, if you can find one and if you’re in a hurry are really good for longer rides. And economic too. I recommend the annual subscription if you ride on a regular basis. Honestly, I rarely take my car into the city any more thanks to a combination of bus, Metro and Bikeshare.",0
"9197634021",2022-10-18,1,"14.52.3","Scam !!!","These mother f charge me $500 for a missing bike someone took from me and when they were returned they refused to give me my money back ! Not only that they made me go to the police to try and file a report but the police said I couldn’t because I didn’t own the bikes In short they got their bikes back the wasted my time and stole $500 from me !",1
"9282940828",2022-11-12,1,"14.55.3","Glitches","The app is constantly glitching and tech support just tells you to delete and redownload it. The number of times I’ve been late to things because none of the bikes would unlock… It’s a good idea but they really to work on their app.",1
"9307063843",2022-11-19,1,"14.56.3","$275 in extra charges!!!","I rarely if ever provide negative ratings, but in this case, I felt compelled to warn others. My wife, daughter, and I rented 3 bikes during our trip to DC in October 2022. Most of our rides went as expected and it was a convenient way to explore the area. However, on our last trip, my daughter got notification through the app that her bike was overdue, even though she had returned her bike to the same rack as our other 2 bikes. We returned to that same rack later (~2 hours) and found it still there and the GPS tracking via the app indicated the same thing. We could neither remove nor re-rack the bike so we left it and later called Lyft (owner of Capital Bikeshare). They initially ‘only’ charged us $13.05 (the other 2 bikes were $2.30 for the same exact ride). We didn’t think it worth fighting at the time so we dropped it. However, 2 days later we were charged an additional $25 for late fees, so we called again, explained our situation including an email with pictures of the bike in the rack (which they seemed to understand), but later they emailed that their only resolution was to extend the return date of the bike by 3 additional days (even though we had already returned home). Lastly, they charged $250 for the ‘lost’ bike after 7 days, and by the time we noticed the charges, Lyft had conveniently moved to an automated response system (ie no live phone support). I’m very frustrated as we are responsible customers who returned the bike, but we’ve since heard that their bike rack system is buggy and we’re now being charged for their poor mechanical/electrical rack design!",1
"9503084806",2023-01-13,2,"14.64.3","Needs to be improved, crashes a lot","The bike share portion of the app works fine. The public transit portion of the app is trash because it constantly resets to the bike share portion and crashes when you try to look up bus or train times. needs work but could be a great app",1
"9725946495",2023-03-18,1,"14.73.3","Awful","Why would they need my location? Yeah tons of red flags there.",1
"9790159915",2023-04-05,1,"15.0.3","DONT RENT, SCAM, HAVENT FIXED ISSUES W/BIKE OR DOCKS","I would not recommend this service at all. As a tourist, I used this service without reading the reviews as it seemed simple to use. Ohio have similar scooter and bike rentals and I have never had a problem. However, with capital Bikeshare I had the WORST experience. I rented a bike to ride from my Georgetown hotel to the national African American History museum which was a 11min ride. I docked the bike at 15th and constitution avenue, directly in front and across the street from the museum. The steps to dock the bike was clear and I saw a green light, heard a click, and assured the bike did not come out of its docking location. I even gave it a harder shove into the docking station and it still did not come out (as another person standing near me stated make sure it’s docked). However, Even with all these clear steps, I was still charged a lost/stolen bike fee of $250 plus $25 for the day. I contacted customer service and after trying to find the bike number. the bike was still out on a ride, but I wasn’t the one riding the bike. The customer service agent said they wouldn’t charge me any other fees until the bike is returned and would refund me the money once returned. It is now Wednesday 4/5/23 and the bike has not been returned. I left DC on Sunday and am still being charged fees for this bike. I wish I would’ve read the reviews before renting, as this appear to be a repeated issue. I SUGGEST NOT EVER RENTING FROM THEM. They don’t hav trackers on the bikes and it’s a horrible inconvenience to tourist. FYI: you will not be refunded any fees. Even if you provide proof and you know for sure the bike was docked properly.",1
"9794202637",2023-04-06,1,"15.0.3","App no good","Tried two times and family of four kept walking after sending 10 bucks, useless unfriendly app.",1
"9986317938",2023-05-31,1,"15.8.3","Awful; Not Written By Anyone Who Actually Uses the System","It’s barely useful for actually navigating the city. 1. Stations often just don’t even appear on the map until you tap, zoom, and wait a bit. 2. They removed the ability to have favorite stations which would allow you to easily see whether your common destination stations still have docks available. 3. It zooms you back to your current location all the time, making it even more impossible to keep track of whether your destination has docks or you have to divert. Come on guys. Let someone who uses the system build this and make something useful for riders. It’s not hard.",1
"10027485291",2023-06-12,2,"15.10.3","Bad service support to improve their product","I was excited when finding this opportunity to bike around and park it during my DC trip. I appreciate the innovation to bring people convenience and a different travel experience. However new business always has opportunity /unknowns to improve in the process. One problem we discovered was that the destination had no available station for us to park the bike. We couldn’t tour the place as they suggested on the website. When I contacted the support through chat. I was directed to a place nearby however there was only one station and I rented two bikes as a group. Not to mention that station was broken. The first service person provided $5 discount to one bike but not the other in the same group ( rented by same account in same app). When I asked multiple times, no one responded. Till I called, they said we are so sorry for your experience but nothing we can do. It is so ironic that they admitted it was a bad experience but won’t do anything.",1
"10032952443",2023-06-14,1,"15.10.3","Junk bikes, few e-bikes, expensive","Cost $13 for 45 min ride. Explain how I could hire an entire car and driver (Uber) for close to same cost. E-bike listed as available in app but unavailable at station. Very few e-bikes in the system. Bikes weigh as much as cars and are rather unpleasant to ride. You also take your life in your hands amongst out of control car traffic, with no helmet to boot. This service has been a disappointment since day one years and years ago.",1
"10105161150",2023-07-04,1,"15.12.3","Beware- Terrible customer service","Good luck if you have problems understanding their service. They will crucify you and charge you through the nose.",1
"10154926457",2023-07-18,1,"15.15.3","Everything Is Broken","Tried to get three rides today. Each time experienced some issues and had to call the customer service. First time, the station not release the bike but still charged me. Second time, could not return the bike to the dock. Though I parked to a public parking ramp and it’s allowed in the area, I still got charged for the $25 parking fee. Third time, could not dock the bike back to the station again. I called right away. They asked me to park at another station, which is not working either. Guess what, I had to pay the fee again! What a scam company! Now I understand why the bikes are everywhere but people just grab the scooter and other e-bikes even this being much cheaper.",1
"10390177721",2023-09-20,1,"15.24.3","Awful","What is the point of requiring a user to return a bike to a docking station that is farther away than the bike ride you used it for? Please go use any normal bike/ scooter sharing service and doesn’t have rude customer service.",1
"10446762277",2023-10-06,2,"15.26.3","On the Decline","This service is getting worse by the month. Between lag times on the app to show station, e-bikes consistently refusing to unlock despite reading available, and docking stations staying broken for weeks at a time - it’s becoming increasingly more of a headache than a convenience.",1
"10526046917",2023-10-28,1,"15.29.3","App just doesn’t work","I have tried using this app twice now and it never works. I have scanned multiple bikes and all says error. Ended up having to use the kiosk both times.",1
"10528999796",2023-10-29,1,"15.29.3","Don’t use during a popular event","Customer support was no help in addressing issues with returning a bike. Tried 4 locations and all filled by the time I got there, showed availability when there was none, or were blocked off and it wasn’t reflected in the app. Dozens of other people in the same situation. Customer service was useless and provided no other options for returning the bike. Insisted that the bike had to be docked. Even when one station that showed 9 open docks but it was blocked off, they provided no alternatives. Don’t use if there’s any type of event. It will not save you any time.",1
"10599203251",2023-11-18,5,"15.32.3","How the Capital Bikeshare App Makes Biking Around the City a Breeze","⭐⭐⭐⭐⭐ I love this app! It makes biking around the city so easy and convenient. I can find a bike near me, unlock it with a QR code, and ride to my destination in minutes. The app shows me real-time bike and dock availability, so I never have to worry about finding a place to park. It also sends me push notifications to confirm that I’ve successfully docked my bike and ended my ride. Plus, I can rate my ride and provide feedback to help improve the service. The app also works with Lyft, so I can use my Lyft account to pay for a single trip or a membership. I can also switch between bikes and rideshare options within the app, depending on my needs. The app is very user-friendly and intuitive, and I love the design and interface. The Capital Bikeshare app is the perfect co-pilot for getting around the city. Whether I need a bike for commuting, sightseeing, or just having fun, this app has me covered. I highly recommend it to anyone who loves biking or wants to try it out. It’s a great way to explore the city, save money, and stay healthy. Thank you, Capital Bikeshare, for making this app!",0
"10912455534",2024-02-07,1,"15.44.3","Bad App for a Mismanaged Service","Inaccurate information on open docks at stations, obscuring access to customer support, reporting options that go into a void, etc. Lyft has driven CaBi and CitiBike into the ground with impunity.",1
"11100317802",2024-03-29,5,"15.51.3","Day Pass made for an amazing day!","We got the day pass our 4th day in DC. So easy! Unlimited rides all day. We rode to Georgetown and then parked the bikes and walked around. Got a new set of bikes and rode the bike path along the Potomac River. Parked the bikes. Had lunch. Got 2 more bikes and rode by the Lincoln and Jefferson memorials and back over toward the National mall. All the rides were included in the $8 price (for each) and there are bike stations and bike paths all over! Really fun day!",0
"11167581822",2024-04-16,1,"15.54.3","Broken Docking Station","The docking station where I left my bike when I was finished riding was broken and I was charged $49 instead of $4-$6 like everyone else I was with.",1
"11270610063",2024-05-15,1,"15.58.3","Terrible","I came to DC, saw these bikes parked outside a walmart and tried using one after downloading the app. I unlocked the bike through the app, but it did not get unlocked at the station and remained stuck. I contacted the customer support, he said he was sorry the station didn’t work. I should try another one. I tried again with another bike, once again it remained stuck. I told the customer service again. He said he was sorry and i should contact customer service again for refund of the charged amount. 24 hours later, i was charged 50 dollars (25 each for both the failed rides, it treated as if i rode the bike for 24 hours). I contacted the customer support twice again and they both said they will contact me with the right team. It’s been more that 2 days and no one contacted me. They don’t care for their customers. They don’t care if their bikes don’t work. Terrible. Would not recommend to anyone. Better take local transport, it’s much cheaper and efficient and you wont have to waste your precious time , energy and money.",1
"11290785079",2024-05-21,2,"15.59.3","Public transit no longer works","Sine an update a month or 2 ago the public transit on the app is no longer an option",1
"11303245762",2024-05-24,1,"15.59.3","Terrible app","I have never used a worse one. The most terrible app in history 🙂‍↔️",1
"11345676828",2024-06-05,1,"15.61.3","Spam can’t be disabled","For the last few days the app sends an sms every time a ride ends, despite sms being disabled in the notifications setting of the app. Now I have to manually block every CaBi phone number",1
"11350024507",2024-06-06,2,"15.61.3","Meh","The app works fine in some ways. But getting help through it is next to impossible.",1
"11371051362",2024-06-11,4,"15.62.3","Transit view is gone","Transit info built into the app was a great way to navigate the city. It’s gone now, so I’m deducting a star. Otherwise, the app works great and I enjoy using it.",0
"11489909688",2024-07-13,5,"15.66.3","DC CABI","This is DC’s version of CitiBike in NYC. So easy to use and extremely cheap. 5/5",0
"11541634368",2024-07-27,1,"15.68.3","AWFUL CUSTOMER SUPPORT","I never leave reviews waste of time but my god for the amount of time I’ve wasted with customer support on this app it’s terrible and I hope no one has to relive this. Please note that myself my friends have had issues docking the bikes. And they just tell you to leave it there they have to wait until it “”ends” and someone else will steal the bike and use it. It’s a Teri le system. I’ve talk to three customer support reps about this issue and STILL HAVE NOT HAD THE ISSUE RESOLVED!! I am at a loss for words and my account was suspended for THEIR ERROR!!! And on top of that I was charged $25. This is the absolute worst service setup. Never had this issue back in SF. This app and bikes are TERRIBLE.",1
"11610451918",2024-08-14,2,"15.71.3","Jake","If you have a problem, as I did unlocking the bike, navigating customer service is a nightmare. Bike is fine, but if anything doesn’t work, don’t expect their help on the app.",1
"11684778158",2024-09-03,1,"15.73.3","Frequently unusable","There are too few spots in down town. Broken docking stations will report open spots and commuters waste time trying to drop off bikes in full spots. Unacceptable.",1
"11699252855",2024-09-07,1,"15.74.3","Super confusing pricing","I’ve spent ten minutes reading their pricing page. I still can’t tell you how much a bike ride to and from my work costs.",1
"11699985738",2024-09-07,5,"15.74.3","Good stuff.","Great app.",0
"11745186186",2024-09-20,1,"15.76.3","Worst bike share app ever.","Every bike was unavailable and it was extremely inefficient.",1
"11745193917",2024-09-20,1,"15.76.3","So bad in DC","If the bike is unavailable or has an issue tell me when I scan, don’t say it’s unlocking. Tried like 10 bikes, all seemed fine for each till it wouldn’t unlock, and I got a “there is an issue with this bike” text a minute after each one. Get it together.",1
"11760198340",2024-09-24,1,"15.77.3","App not letting me in","I downloaded the app and erased it and re downloaded it many times and it still won’t leave the loading screen",1
"11767634430",2024-09-26,1,"15.77.3","Cannot delete account or Visa card information","I can find no way to delete this account or my Visa card they keep on account… I called the support phone to try there and selected billing support and it then just hung up… I guess they now hold my Visa card information on file forever which I do not want !!!",1
"11778832968",2024-09-29,1,"15.77.3","Ending the ride is horrible","You can only end the ride in a special dock, so if you’re far from one and need to end the rind you’re screwed. The dock is hard to use too",1
"11966397547",2024-11-18,1,"2024.44.3","Not that great","Worst bike share app that I’ve used. Bikes are fine, but scanning the code doesn’t doesn’t actually link the bike you intend to ride to what you are paying for. That seems pretty fundamental. Customer service is horrible.",1
"11995247837",2024-11-26,3,"2024.44.31","Support is a headache","No matter what you do just try avoid having a Lyft account with Lyft cash before joining capital bike share. I have been going back and forth with support for the last 2 months trying to resolve my issue. Now my capital yearly membership is no longer active and support is very slow. Can someone please look into my ticket. Thanks",0
"12022134683",2024-12-03,1,"2024.46.3","Good concept, worst customer service","I used this service regularly. Let’s say things are good when you don’t encounter any issues, but when you do, then it’s a put off. I had to deal with bike/dock problems and by far this is one of the worst customer services. Never using it again.",1
"12124566070",2024-12-30,1,"2024.48.3","Don’t bother","Bikes are like a trike with 2 wheels. Only 3 gears: lowest, low, and slow. Can’t climb the slightest hill in slow and hafta peddle like a squirrel to go faster than a kids trike. E-bikes are no better. Try finding one with >5 miles charge.",1
"12453999122",2025-03-23,2,"2025.9.3","Capital","It’s good but when it did not let me ride and it said you cannot ride at this time it took them so long to fix it",1
"12644934272",2025-05-11,3,"2025.16.3","Where are the bikes.","There are 8 stations near my home. On average there will be two that have bikes. Maybe four bikes total, and maybe two of them will work. I love this app, and highly recommend it IF you are okay with the possibility if it not serving you when you need it. There used to be people regularly brining bikes from the overcrowded areas back up here. Now I rarely ever see them, and I have to walk far and stay locked in on this app to HOPEFULLY get a bike for my short ride to work. This used to be my main mode of transportation and it was the best, but now I always must have a backup mode of transportation because I never know if there will be a working bike. And if there is, it might be a 10 minute walk away because the three closer racks that are supposed to hold 15 bikes each might all be empty.",0
"12649913923",2025-05-12,1,"2025.17.3","Booooooo","Booooooooooooo",1
"12750756863",2025-06-08,1,"2025.20.3","Don’t buy day pass","If you’re only using it for one ride it’s not worth it, I thought it’d cover all rides for a day but still charges you more after the $8",1
"12785969032",2025-06-17,1,"2025.22.3","Honest review","The app is just awful, very often the bikes are not available (for unknown reasons). Usually I book a bike, and after unlocking it, the bike blocking again, making the bike unavailable for me, furthermore the app takes money in all such cases:) Therefore, I had to pay twice or someone else booked the bike and it was impossible to go. I have used many apps, but this one just drives me crazy. If you are in a hurry somewhere, then do not take it under any circumstances - with a probability of 80% it will let you down :(",1
"12812548564",2025-06-24,5,"2025.23.3","Easy to use and great prices","I live in DC and have used the app almost daily for more than a year without issue. The map makes it easy to find docks and parking. The bike system balancing could be better but that’s not really the devs fault.",0
"12890289503",2025-07-14,2,"2025.25.3","It keeps saying I can’t ride at this time","Does anyone know why it won’t allow you to ride?",1
"12895881178",2025-07-15,1,"2025.26.3","Now a bad company","Slow customer service and docks that don’t work are now the norm. And they are raising prices in August 2025? Add terrible management to the list",1
"12916216163",2025-07-20,1,"2025.26.3","Constantly steals your money","Constant problems, and no good way to get your money back when the bike is broken, not there, or unscannable. You will spend as much on stolen fees as you will your membership. Also feedback mechanism is terrible. So no one reports problems. This is a company that has no intention of getting better or proving good customer service.",1
"12935400489",2025-07-25,1,"2025.27.3","Station map never loads","I have been unable to load station locations and available bikes in both this app and Lyft for several month. I just have to hope there are docks or bikes. Canceling my annual membership over this.",1
"12936965463",2025-07-25,2,"2025.27.3","Ebike Pause feature","Why does the pause feature for ebikes seem to come and go on a whim? It’s actually pretty useful. And as others have pointed out, the fleet management is pretty bad, that includes the distribution of bikes and their maintenance. There seems to be many issue with system software bugs",1
"12948926278",2025-07-28,1,"2025.28.3","Absolutely awful scam of a company— DONT USE!!!!!!!","The company in and of itself is a scam. The app is just a continuation of that. Good luck finding anything that’s up to date and getting absolutely 0 help from the customer service chat representatives. Multiple bike racks had the incorrect amount of bikes, and trying to redock a bike is a pain in the butt. They will also double charge or add on extra fees. Highly suggest not adding Apple Pay if you HAVE to use this company, and definitely use a card with a bank that’s easy to work with for disputes as you will be charged. DONT USE THIS COMPANY!!!!!!!",1
"12958975940",2025-07-31,2,"2025.28.3","Often useless","Broken docks, broken bikes, full stations when needing to park, empty stations when needing a ride, I’m often surprised when it actually works out. I regret my subscription.",1
"12989151505",2025-08-07,1,"2025.29.3","Membership is a robbery","Membership is a robbery, it charges you too much Money, it’s better to buy a electric bicycle",1
"13028556899",2025-08-17,1,"2025.30.3","Really hard to get in use","Horrible",1
"13110436333",2025-09-07,1,"2025.33.3","donotgetthisapp","THIS APP IS AN TOTAL SCAM I BOUGHT THE DAY PASS AND IT STILL CHARGED ME. IT LITERALLY SAID 1 DOLLAR BUT IT CHARGED ME 20 I WANT MY MONEY BACK RN!!",1
"13148070514",2025-09-17,2,"2025.35.3","Reduce the prices","You’ve tripled the prices in the past year. It used to be $0.05 / min now it’s $0.15 / min and twice as much for e-bikes. Not cool",1
"13154341125",2025-09-18,2,"2025.35.3","App Works, Map Crowded by E-Bikes","The program is great, allowing you to move about DC freely. It has utility for commuting, especially if you have to get to a destination far from a stop. My biggest gripe is that the map is cluttered by E-Bikes such that you can’t see the status of bike corrals. The bubbles often block the number of parking spaces open, as well as the number of bikes, and if you want to inspect a stop’s offerings, you are just as likely to select an E-Bike as you are to do anything else. Allowing users to disable the view of E-Bikes would go a long way improving QOL.",1
"13175632904",2025-09-23,1,"2025.36.3","Weird Charges Overpriced","Ever since the price markup the app has been terrible. The prices have been raised for most things up to 300%. Also random charges that don’t show up in the app costing a lot. Overall has gotten terrible overpriced and i won’t be using again.",1
"13179987779",2025-09-24,1,"2025.36.3","Charged ?","They charge me for the reservation",1
"13282727843",2025-10-18,4,"2025.39.3","It works","App is good, with a few minor nits. As noted by other reviewers, they don’t balance the bike capacity in the system, like they did five years ago. Scarcity is more common now.",0
"13286002092",2025-10-19,1,"2025.39.3","Warning Lyft users","It’s owned by Lyft. After 3 kiosks wouldn’t take a physical card payment, I got this app and signed up for an account using a secondary email address. I provided my phone # as required during signup. It’s the same phone # I use for Lyft, which evidently means that the Lyft app can forcibly sign you out of your Lyft account on the Lyft app (which shouldn’t be allowed based on API permissions, btw — apps should be sandboxed). I am now locked out of my preexisting Lyft account, and can only log onto the CapBi account from the Lyft app, which requires you to log on with a phone #. Lyft and CapBi haven’t replied to chat messages or emails so now I’m locked out of the Lyft account I’ve had for years. I guess I am only able to use Uber (not Lyft) for car pickups now.",1
"13475894529",2025-12-04,1,"2025.46.3","Keeps getting worse","Bike availability, customer service, and the UX in the app are getting worse and worse every single year. Bikes are never available. The app is garbage: on a weekly basis now I have to re-download it because it refuses to connect to any bike. That’s the only way to fix it. I’ve been a member for nearly 3 years now—the price keeps going up, but the service rapidly deteriorates. Stay away",1
"13487529961",2025-12-07,3,"2025.46.3","What happened to Bike Angels?","I don’t see the Bike Angels tab anywhere anymore and I know I had a lot of points. Is the program gone?",0
"13522018454",2025-12-16,1,"2025.48.3","Horrible","The worst ride share",1
"13526128795",2025-12-17,1,"2025.48.3","Bad","Bikes are bad quality, terminals don’t work and app unresponsive!",1
"13601774813",2026-01-06,5,"2025.51.3","Parking is extortion","Charging people to park bikes when bike stations are full is absolutely insane — provide enough parking to meet demand or make parking free.",0
"13675835694",2026-01-25,1,"2026.1.3","Owned by lyft","They steal your money",1
"13922751667",2026-04-04,2,"2026.11.3","Totally useless for traveling to busy areas","If you want to go to a busy area all of the parking spots will be taken, use lime or something instead",1
"13942397947",2026-04-10,2,"2026.12.3","Poorly maintained","Bikes are poorly maintained. We rented three bikes and one stopped working. We had to call customer service and leave the bike. The other two had rusted chains.",1
"13944107411",2026-04-10,1,"2026.12.3","Don’t use this","I was trying to use this to get around DC, and it became an absolute nightmare as the kiosk didn’t work properly, and I ended up getting charged multiple times for rides that were supposed to be an all day pass. The customer service sucks, and I wish I would have just gone with Lime which I know is more reliable. Never again.",1
"14012970692",2026-04-30,1,"2026.15.3","Unable to Remove Payment Method","It’s impossible to remove a credit card or payment method from the account! Why does this company need to keep my card information if I’m not even using the service anymore? The fact that I can’t delete it from my account is very concerning. Do not recommend.",1
"14036177720",2026-05-06,2,"2026.16.3","Only useful in emergencies","Not much cheaper than Lime or other alternatives. Bikes are often faulty, and ebikes are generally hard to find. Terrible customer service.",1
"14071793173",2026-05-16,1,"2026.17.3","0 stars. Terrible. never got a bike","First time using and was not able to unlock a bike. The app just loaded perpetually or did not allow me to add a payment method. Worthless.",1
"14076164086",2026-05-17,1,"2026.17.3","Why pay of it says it’s free this is a total scam. DONT USE THIS BIKE IT IS A SCAM YAL ITS A TOTAL.","It is a scam",1
"14189515923",2026-06-16,1,"2026.22.3","bike locked up","these bikes are normally super helpful but the one i was just riding detected that i was riding on the sidewalk (i wasn’t, in fact i was in the middle lane of the street) and locked up and stopped pedaling in the middle of a busy street during rush hour. i was lucky enough that i could quickly get onto a sidewalk but im seriously upset and can’t find a place on the app to report it so here i am. i get it as a safety feature but i was far from the sidewalk and it put me in much more serious danger than riding on the sidewalk. won’t be using this again im sticking to lime bikes from now on",1
"14213413625",2026-06-22,2,"2026.22.3","Worked for 2/3 of our family.","On Father’s Day, we were able to get bikes for two out of three family members. We bought three day passes so we spent over an hour going between two stations trying to get the app to work for one of our family members. We tried deleting and re-downloading the app, turning our phones on and off, calling customer support, and all the things we were instructed to do. In the end, no one could help and we still got charged for our three day passes.",1
